<?xml version="1.0" encoding="UTF-8" standalone="no"?>
<document type="com.apple.InterfaceBuilder3.CocoaTouch.Storyboard.XIB" version="3.0" toolsVersion="11762" systemVersion="15G1108" targetRuntime="iOS.CocoaTouch" propertyAccessControl="none" useAutolayout="YES" useTraitCollections="YES" colorMatched="YES" initialViewController="BYZ-38-t0r">
    <device id="retina3_5" orientation="portrait">
        <adaptation id="fullscreen"/>
    </device>
    <dependencies>
        <deployment identifier="iOS"/>
        <plugIn identifier="com.apple.InterfaceBuilder.IBCocoaTouchPlugin" version="11757"/>
        <capability name="documents saved in the Xcode 8 format" minToolsVersion="8.0"/>
    </dependencies>
    <scenes>
        <!--View Controller-->
        <scene sceneID="tne-QT-ifu">
            <objects>
                <viewController id="BYZ-38-t0r" customClass="ViewController" customModule="Mastermind_V3" customModuleProvider="target" sceneMemberID="viewController">
                    <layoutGuides>
                        <viewControllerLayoutGuide type="top" id="y3c-jy-aDJ"/>
                        <viewControllerLayoutGuide type="bottom" id="wfy-db-euE"/>
                    </layoutGuides>
                    <view key="view" autoresizesSubviews="NO" opaque="NO" clearsContextBeforeDrawing="NO" contentMode="scaleToFill" id="8bC-Xf-vdC">
                        <rect key="frame" x="0.0" y="0.0" width="320" height="480"/>
                        <autoresizingMask key="autoresizingMask" widthSizable="YES" heightSizable="YES"/>
                        <subviews>
                            <label opaque="NO" userInteractionEnabled="NO" contentMode="left" horizontalHuggingPriority="251" verticalHuggingPriority="251" fixedFrame="YES" text="Tentatives" textAlignment="center" lineBreakMode="tailTruncation" baselineAdjustment="alignBaselines" adjustsFontSizeToFit="NO" translatesAutoresizingMaskIntoConstraints="NO" id="k8c-r0-4wi">
                                <rect key="frame" x="0.0" y="42" width="294" height="44"/>
                                <autoresizingMask key="autoresizingMask" flexibleMaxX="YES" flexibleMaxY="YES"/>
                                <color key="backgroundColor" red="0.59999999999999998" green="0.40000000000000002" blue="0.40000000000000002" alpha="1" colorSpace="calibratedRGB"/>
                                <fontDescription key="fontDescription" type="system" pointSize="30"/>
                                <color key="textColor" red="1" green="1" blue="1" alpha="1" colorSpace="calibratedRGB"/>
                                <nil key="highlightedColor"/>
                            </label>
                            <label opaque="NO" userInteractionEnabled="NO" contentMode="left" horizontalHuggingPriority="251" verticalHuggingPriority="251" fixedFrame="YES" text="BP" textAlignment="center" lineBreakMode="tailTruncation" baselineAdjustment="alignBaselines" adjustsFontSizeToFit="NO" translatesAutoresizingMaskIntoConstraints="NO" id="SyT-hE-0wU">
                                <rect key="frame" x="291" y="42" width="73" height="44"/>
                                <autoresizingMask key="autoresizingMask" flexibleMaxX="YES" flexibleMaxY="YES"/>
                                <color key="backgroundColor" red="0.59999999999999998" green="0.40000000000000002" blue="0.40000000000000002" alpha="1" colorSpace="calibratedRGB"/>
                                <fontDescription key="fontDescription" type="system" pointSize="23"/>
                                <color key="textColor" white="1" alpha="1" colorSpace="calibratedWhite"/>
                                <nil key="highlightedColor"/>
                            </label>
                            <label opaque="NO" userInteractionEnabled="NO" contentMode="left" horizontalHuggingPriority="251" verticalHuggingPriority="251" fixedFrame="YES" text="MP" lineBreakMode="tailTruncation" baselineAdjustment="alignBaselines" adjustsFontSizeToFit="NO" translatesAutoresizingMaskIntoConstraints="NO" id="OoV-Rg-dF5">
                                <rect key="frame" x="364" y="42" width="121" height="44"/>
                                <autoresizingMask key="autoresizingMask" flexibleMaxX="YES" flexibleMaxY="YES"/>
                                <color key="backgroundColor" red="0.59999999999999998" green="0.40000000000000002" blue="0.40000000000000002" alpha="1" colorSpace="calibratedRGB"/>
                                <fontDescription key="fontDescription" type="system" pointSize="23"/>
                                <color key="textColor" white="1" alpha="1" colorSpace="calibratedWhite"/>
                                <nil key="highlightedColor"/>
                            </label>
                            <view contentMode="scaleToFill" fixedFrame="YES" translatesAutoresizingMaskIntoConstraints="NO" id="k4G-ft-5xc">
                                <rect key="frame" x="291" y="42" width="3" height="568"/>
                                <autoresizingMask key="autoresizingMask" flexibleMaxX="YES" flexibleMaxY="YES"/>
                                <color key="backgroundColor" red="0.59999999999999998" green="0.40000000000000002" blue="0.40000000000000002" alpha="1" colorSpace="calibratedRGB"/>
                            </view>
                            <view contentMode="scaleToFill" fixedFrame="YES" translatesAutoresizingMaskIntoConstraints="NO" id="OsS-ct-Iou">
                                <rect key="frame" x="0.0" y="602" width="444" height="136"/>
                                <autoresizingMask key="autoresizingMask" flexibleMaxX="YES" flexibleMaxY="YES"/>
                                <color key="backgroundColor" red="0.59999999999999998" green="0.40000000000000002" blue="0.40000000000000002" alpha="1" colorSpace="calibratedRGB"/>
                            </view>
                            <button opaque="NO" contentMode="scaleToFill" fixedFrame="YES" contentHorizontalAlignment="center" contentVerticalAlignment="center" buttonType="roundedRect" lineBreakMode="middleTruncation" translatesAutoresizingMaskIntoConstraints="NO" id="AQw-r6-jnr">
                                <rect key="frame" x="291" y="602" width="127" height="52"/>
                                <autoresizingMask key="autoresizingMask" flexibleMaxX="YES" flexibleMaxY="YES"/>
                                <color key="backgroundColor" red="0.80000000000000004" green="0.20000000000000001" blue="0.20000000000000001" alpha="1" colorSpace="calibratedRGB"/>
                                <fontDescription key="fontDescription" type="system" pointSize="30"/>
                                <state key="normal" title="Effacer">
                                    <color key="titleColor" red="1" green="1" blue="1" alpha="1" colorSpace="calibratedRGB"/>
                                    <color key="titleShadowColor" white="0.0" alpha="1" colorSpace="custom" customColorSpace="genericGamma22GrayColorSpace"/>
                                </state>
                                <connections>
                                    <action selector="resetTentative:" destination="BYZ-38-t0r" eventType="touchUpInside" id="53G-zH-ba8"/>
                                </connections>
                            </button>
                            <button opaque="NO" contentMode="scaleToFill" fixedFrame="YES" contentHorizontalAlignment="center" contentVerticalAlignment="center" buttonType="roundedRect" lineBreakMode="middleTruncation" translatesAutoresizingMaskIntoConstraints="NO" id="Dbv-nd-Rvx">
                                <rect key="frame" x="291" y="654" width="127" height="87"/>
                                <autoresizingMask key="autoresizingMask" flexibleMaxX="YES" flexibleMaxY="YES"/>
                                <color key="backgroundColor" red="0.40000000000000002" green="0.80000000000000004" blue="0.40000000000000002" alpha="1" colorSpace="calibratedRGB"/>
                                <fontDescription key="fontDescription" type="system" pointSize="30"/>
                                <state key="normal" title="Valider">
                                    <color key="titleColor" red="1" green="1" blue="1" alpha="1" colorSpace="calibratedRGB"/>
                                    <color key="titleShadowColor" white="0.0" alpha="1" colorSpace="custom" customColorSpace="genericGamma22GrayColorSpace"/>
                                </state>
                                <connections>
                                    <action selector="compare:" destination="BYZ-38-t0r" eventType="touchUpInside" id="OhA-8s-gnb"/>
                                </connections>
                            </button>
                        </subviews>
                        <color key="backgroundColor" red="0.40000000000000002" green="0.20000000000000001" blue="0.40000000000000002" alpha="1" colorSpace="calibratedRGB"/>
                    </view>
                </viewController>
                <placeholder placeholderIdentifier="IBFirstResponder" id="dkx-z0-nzr" sceneMemberID="firstResponder"/>
            </objects>
            <point key="canvasLocation" x="-103.2" y="-63.418290854572717"/>
        </scene>
    </scenes>
</document>
